{"actions":[],"apps":[{"acl":{"app":[],"field":[],"record":[]},"app":null,"category":{"categories":[],"useCategory":"false"},"form":{"layout":"[{\"id\":null,\"type\":\"ROW\",\"isSubTable\":false,\"var\":null,\"controlList\":[{\"isVirtical\":true,\"styleMap\":{\"width\":356},\"type\":\"SINGLE_LINE_TEXT\",\"var\":\"Name\",\"label\":\"表示名\"}]},{\"id\":null,\"type\":\"ROW\",\"isSubTable\":false,\"var\":null,\"controlList\":[{\"isVirtical\":true,\"styleMap\":{\"width\":456},\"type\":\"SINGLE_LINE_TEXT\",\"var\":\"Link\",\"label\":\"サイトリンク\"}]},{\"id\":null,\"type\":\"ROW\",\"isSubTable\":false,\"var\":null,\"controlList\":[{\"isVirtical\":true,\"styleMap\":{\"width\":642},\"type\":\"LINK\",\"var\":\"Image\",\"label\":\"画像リンク\"}]},{\"id\":null,\"type\":\"ROW\",\"isSubTable\":false,\"var\":null,\"controlList\":[{\"isVirtical\":true,\"styleMap\":{\"width\":196},\"type\":\"MODIFIED_AT\",\"var\":\"Update_day\",\"label\":\"更新日時\"}]}]","revision":null},"iconMeta":null,"info":{"automaticallyChooseTitleComponent":"true","code":null,"decimalPrecision":"16","decimalScale":"4","description":"\u003Cdiv\u003E\u003Cbr /\u003E\u003C/div\u003E","enableBulkDeletion":"false","fiscalYearStartMonth":"4","iconKey":"APP81","iconType":"PRESET","jsFiles":null,"jsScope":"ALL","name":"Links","roundingMode":"HALF_EVEN","theme":"PLAIN","titleComponentLocalId":null,"useComment":"true","useHistory":"true","useThumbnail":"true"},"jsFiles":[],"notification":{"appNotifications":[{"events":["RECORD_COMMENT_ADDED"],"target":{"entityId":"7280","entityType":"FIELD_ENTITY","includeSubs":"false"}},{"events":["RECORD_COMMENT_ADDED"],"target":{"entityId":"7281","entityType":"FIELD_ENTITY","includeSubs":"false"}}],"recordNotifications":[],"reminderTimezone":null,"reminders":[],"useComment":"true","useReminder":"false"},"plugin":{"pluginIds":[]},"reports":[],"resource":{"tables":[{"rows":[{"fields":[],"objectId":"0","subObjectId":"-1"}],"type":"AppName"},{"rows":[{"fields":[],"objectId":"0","subObjectId":"-1"}],"type":"AppDescription"},{"rows":[{"fields":[],"objectId":"7279","subObjectId":"-1"},{"fields":[],"objectId":"7280","subObjectId":"-1"},{"fields":[],"objectId":"7281","subObjectId":"-1"},{"fields":[],"objectId":"7282","subObjectId":"-1"},{"fields":[],"objectId":"7283","subObjectId":"-1"},{"fields":[],"objectId":"7284","subObjectId":"-1"},{"fields":[],"objectId":"7285","subObjectId":"-1"},{"fields":[],"objectId":"7286","subObjectId":"-1"},{"fields":[],"objectId":"7287","subObjectId":"-1"},{"fields":[],"objectId":"7291","subObjectId":"-1"},{"fields":[],"objectId":"7300","subObjectId":"-1"}],"type":"FieldLabel"},{"rows":[{"fields":[],"objectId":"20","subObjectId":"-1"}],"type":"ViewName"}]},"schema":{"groups":[],"revision":null,"subTable":{},"table":{"fieldList":{"7279":{"id":"7279","label":"レコード番号","properties":{"noLabel":"false","required":"true"},"type":"RECORD_ID","var":"レコード番号"},"7280":{"id":"7280","label":"更新者","properties":{"noLabel":"false","required":"true"},"type":"MODIFIER","var":"更新者"},"7281":{"id":"7281","label":"作成者","properties":{"noLabel":"false","required":"true"},"type":"CREATOR","var":"作成者"},"7282":{"id":"7282","label":"更新日時","properties":{"noLabel":"false","required":"true"},"type":"MODIFIED_AT","var":"Update_day"},"7283":{"id":"7283","label":"作成日時","properties":{"noLabel":"false","required":"true"},"type":"CREATED_AT","var":"作成日時"},"7284":{"id":"7284","label":"ステータス","properties":{"noLabel":"false","required":"false"},"type":"STATUS","var":"ステータス"},"7285":{"id":"7285","label":"作業者","properties":{"noLabel":"false","required":"false"},"type":"STATUS_ASSIGNEE","var":"作業者"},"7286":{"id":"7286","label":"カテゴリー","properties":{"noLabel":"false","required":"false"},"type":"CATEGORY","var":"カテゴリー"},"7287":{"id":"7287","label":"表示名","properties":{"defaultValue":"","expression":"","hideExpression":"false","max":null,"min":null,"noLabel":"false","required":"false","unique":"false"},"type":"SINGLE_LINE_TEXT","var":"Name"},"7291":{"id":"7291","label":"サイトリンク","properties":{"defaultValue":"","expression":"","hideExpression":"false","max":"64","min":null,"noLabel":"false","required":"false","unique":"true"},"type":"SINGLE_LINE_TEXT","var":"Link"},"7300":{"id":"7300","label":"画像リンク","properties":{"defaultValue":"","max":null,"min":null,"noLabel":"false","protocol":"WEB","required":"false","unique":"false"},"type":"LINK","var":"Image"}},"id":"1","label":"__ROOT__","var":"__ROOT__"}},"status":{"actions":[],"filters":[],"initialStateId":null,"states":[],"useStatus":"false"},"uuid":"64d4ea1e-62c4-41e4-a26d-4601c0c5ae42","views":[{"advancedMode":null,"builtinType":"ALL","device":null,"fields":[{"row":[{"id":"7279"},{"id":"7287"},{"id":"7291"},{"id":"7300"}]}],"filter":{"category":null,"offset":null,"order":[],"q":null,"size":null,"sort":[]},"html":null,"keyFieldId":null,"name":"（すべて）","pager":null,"revision":null,"titleFieldId":null,"view":"20","viewType":"LIST"}]}],"description":"Application that manages portal link","iconKey":"APP81","iconMeta":null,"iconSrcAppId":"64d4ea1e-62c4-41e4-a26d-4601c0c5ae42","iconType":"PRESET","imagesMeta":[],"lookups":[],"name":"portal_link","references":[],"version":"26"}